mean_fit_time,std_fit_time,mean_score_time,std_score_time,param_model__n_neighbors,param_model__n_jobs,param_model__metric,params,split0_test_score,split1_test_score,mean_test_score,std_test_score,rank_test_score
0.14903616905212402,0.00018167495727539062,11.530758261680603,0.09644091129302979,5,-1,euclidean,"{'model__n_neighbors': 5, 'model__n_jobs': -1, 'model__metric': 'euclidean'}",0.5207249479744132,0.5200318155275684,0.5203783817509908,0.0003465662234223843,2
0.14902985095977783,0.0013207197189331055,11.455715537071228,0.08126938343048096,10,-1,euclidean,"{'model__n_neighbors': 10, 'model__n_jobs': -1, 'model__metric': 'euclidean'}",0.4878526373874762,0.49104265422166826,0.48944764580457223,0.0015950084170960332,4
0.14864647388458252,0.0006426572799682617,83.55899226665497,1.220051884651184,5,-1,cityblock,"{'model__n_neighbors': 5, 'model__n_jobs': -1, 'model__metric': 'cityblock'}",0.5258499358652953,0.5251361236595986,0.5254930297624469,0.00035690610284833113,1
0.14762592315673828,0.0007889270782470703,83.24026954174042,0.2884863615036011,10,-1,cityblock,"{'model__n_neighbors': 10, 'model__n_jobs': -1, 'model__metric': 'cityblock'}",0.49349320391444934,0.4969180841126661,0.4952056440135577,0.00171244009910837,3
