mean_fit_time,std_fit_time,mean_score_time,std_score_time,param_model__n_neighbors,param_model__n_jobs,param_model__metric,params,split0_test_score,split1_test_score,mean_test_score,std_test_score,rank_test_score
0.15130949020385742,0.002717256546020508,11.334425330162048,0.08212387561798096,5,-1,euclidean,"{'model__n_neighbors': 5, 'model__n_jobs': -1, 'model__metric': 'euclidean'}",0.5087689282914358,0.4932024617789481,0.500985695035192,0.00778323325624386,2
0.14786481857299805,0.0011420249938964844,11.495511054992676,0.05830526351928711,10,-1,euclidean,"{'model__n_neighbors': 10, 'model__n_jobs': -1, 'model__metric': 'euclidean'}",0.41615094118559603,0.38769127860745706,0.4019211098965265,0.014229831289069489,4
0.14827942848205566,0.0010764598846435547,81.09488689899445,0.02150261402130127,5,-1,cityblock,"{'model__n_neighbors': 5, 'model__n_jobs': -1, 'model__metric': 'cityblock'}",0.5095279823614168,0.5092099445755252,0.509368963468471,0.00015901889294583915,1
0.1496286392211914,0.0023963451385498047,80.69384813308716,0.0206298828125,10,-1,cityblock,"{'model__n_neighbors': 10, 'model__n_jobs': -1, 'model__metric': 'cityblock'}",0.41960941068983465,0.39424090194920514,0.40692515631951987,0.012684254370314757,3
